D7D598CD99978BD012A87A76A7C891B7,2013-12-01
5455D5FF2BD94D10B304A15D4B7F2735,2013-12-01
9A80FE5419FEA4F44DB8E67F29D84A0F,2013-12-31
0C107B532C1207A74F0D8609B9E092FF,2013-12-01
801C69A08B51470871A8110F8B0505EE,2013-12-01
A18CC3E9191D21F604DFC2423916E6A2,2013-12-30
B672154F0FD3D6B5277580C3B7CBBF8E,2013-12-01
42D815590CE3A33F3A23DBF145EE66E3,2013-12-01
F0852E778861F64576FA9A90EAB1091A,2013-12-31
056B0F26941A1044B62F2D3869FAEE9E,2013-12-30
1C46178096EAF05D3E9EAC8BF33D988D,2013-12-01
ED0720EE1523446514917DAC38276C46,2013-12-30
65C6171C49705F67A5C1037F34A37B15,2013-12-01
7BB8A299FE111E1166AC8C5D36C37EA1,2013-12-01
516034632743F243A53CD2B07C1B59CD,2013-12-31
B0FEE397449338F5A94B8229B990F859,2013-12-30
5FCE063CD87FDD7D6202A1D533969B46,2013-12-01
B672154F0FD3D6B5277580C3B7CBBF8E,2013-12-31
B38383F7B0A983220F7B1010C769C018,2013-12-01
61F44C93E6A0144B432041EE033F10C5,2013-12-01
B37F4D95D048A4BDD81DE9A6C7394D86,2013-12-31
3F390CB15E5448BDD56F97A21C564327,2013-12-31
07A0F87F3E065B7013796526962B61FA,2013-12-01
3176853D8AF1F8D40C66A8DB471A0D4F,2013-12-31
D225B988186CB582C18391E1FE074B93,2013-12-01
E7895290D325C76879B42DD851F55E94,2013-12-01
D372A8A4E6DCA1C275507C2C171A4FED,2013-12-31
1B96632294C366D4BDF08099BCAA6E39,2013-12-31
6F677A97E18970FC39C8C51A2E229BAE,2013-12-01
BCEB2F048FCA6F2DB11E275E6B892E15,2013-12-31
9112D33A328C37CF6E8A6B364F0C6109,2013-12-30
E1CAB23492952D2165EF62BDC4568955,2013-12-30
AF0D0FBEB3D68F7B77CAE1EDF0ABCEE1,2013-12-01
1B96632294C366D4BDF08099BCAA6E39,2013-12-01
1A80654F5D79DAA6EFD793E9A3FBB0EE,2013-12-30
BCEB2F048FCA6F2DB11E275E6B892E15,2013-12-01
E7895290D325C76879B42DD851F55E94,2013-12-01
8B15A77EA92F4291DD8DAB6E7099F92A,2013-12-30
BAEA12D2D599FFAF643712094749818D,2013-12-01
E8A1DA44B99DA27ED67EBC5C553573D4,2013-12-01
AC75A3C9F78D23C2A6486E80C865BA4C,2013-12-31
76394C3F87AA7F494B41C2A62581D6C3,2013-12-31
3F390CB15E5448BDD56F97A21C564327,2013-12-01
BC7BB39BFE3031C1C9460C7A087F1E11,2013-12-31
BC7BB39BFE3031C1C9460C7A087F1E11,2013-12-01
4C1D6A9F8D5D625AC9921DFBA95B3017,2013-12-01
31DE11FC225C726BB4131C08601235A9,2013-12-31
8F4D67B9A0D79E4796CD63DC061A8E66,2013-12-01
AB202E7B90279C7EE9BF678AE97052F3,2013-12-01
3425B0AE345C5731E66164898A2D9B08,2013-12-31
32A31869367DDE058DEF48F9B479FBC3,2013-12-31
8F4D67B9A0D79E4796CD63DC061A8E66,2013-12-01
40E882BDD06233B5C99288FFED13F6A1,2013-12-01
8267EEDE67893576299519F9710169F0,2013-12-30
8267EEDE67893576299519F9710169F0,2013-12-01
8CE248163C832F44F9C6BB59A8B90707,2013-12-01
3986CB4859D3ECFAA15802D9D9B17B62,2013-12-30
A56F3CF07F1085B21C365C8D3CED7528,2013-12-01
40E882BDD06233B5C99288FFED13F6A1,2013-12-01
7EB37B9FD1CD076F6DB630EC5683C65A,2013-12-31
667F9BBD97EADE90356F961464E1536F,2013-12-31
A56F3CF07F1085B21C365C8D3CED7528,2013-12-01
CD2922BF699978BB6DEBD8524FD6CD2A,2013-12-01
79C4E47F2F7D5B6C38CF1B829373801C,2013-12-30
40E882BDD06233B5C99288FFED13F6A1,2013-12-30
40E882BDD06233B5C99288FFED13F6A1,2013-12-01
CEEE11949C17DF1A1A742EDB90FA8C59,2013-12-01
1D2A363E3835B2C2DD5794B41BCFF363,2013-12-30
67ECEA008EF4B5C5C023B2D41FADDA6B,2013-12-01
B38383F7B0A983220F7B1010C769C018,2013-12-01
DFEE873CDD1DA7F38CA42A35CF3C003B,2013-12-31
AAFD0FA3E1B0834DA2CFBF1AC4E06583,2013-12-01
CEEE11949C17DF1A1A742EDB90FA8C59,2013-12-01
879C6414021B1FCF7EB82BD4372742E6,2013-12-30
1915F718986F9155C76EC37E22834E9F,2013-12-31
5F7A751088FBF5B9D78C29261EA1845F,2013-12-01
454A8F70F025D64FA17433D8088E8C51,2013-12-31
F143D33CDF9B172D1B0B1A5B2AC3BA9B,2013-12-30
8996883B66433971B440773E1B4A6FDE,2013-12-01
2BE8AF8C2AAA9791C731972187AAAE80,2013-12-30
F2EA41F73ED6DD4B1A0C03B01EDF84AE,2013-12-01
9C12E11DA7DA44AB3886816BBE12D46D,2013-12-01
984981D1C37073D5B6BF9D11D2CDDB21,2013-12-31
BC3B68D5DA21F21FDC5574B6D0A7C175,2013-12-01
EDC498F8AB44E4697ECB239CF11E001F,2013-12-01
8F5EFD93D705C08D1E1A3427D227530A,2013-12-30
5341D2C0345EB5A104829B8EA26C643C,2013-12-30
B59548DC9A0E62AC30BD993E846A8AFF,2013-12-01
3CEDFBF0E34FE459927147E1B3C14517,2013-12-31
A05474051BADB7DD226F6117184BAD7B,2013-12-31
E0C63959757D3A50D984BE051616BC46,2013-12-01
53F3C89E4C5052E7EA0967210665BBD4,2013-12-30
9ABB4C8F2E3AEE534DD122B9DC0EA26A,2013-12-01
97E2116EEB09AF20718CC464A13675EB,2013-12-01
9BE1EE28791AA5AFE0FAD73B3832A1AF,2013-12-31
5455D5FF2BD94D10B304A15D4B7F2735,2013-12-01
A05474051BADB7DD226F6117184BAD7B,2013-12-01
61F44C93E6A0144B432041EE033F10C5,2013-12-31
A47AD2D8C7273EEF99AE063BE87B46A1,2013-12-01
D7D598CD99978BD012A87A76A7C891B7,2013-12-01
57165DB1AB4167161D6C30188E714D70,2013-12-31
4D6497519929FAAD503568D18CD21B30,2013-12-30
40DA10E6144ADBCBA2BF1AD61D0936EE,2013-12-01
3CE8288B0D5EDCF26258CF18B2A542AD,2013-12-30
D7D598CD99978BD012A87A76A7C891B7,2013-12-01
BFC7B5658240F0BF73C7FBA5B3B5F338,2013-12-01
6AA8189D8B443376152944D0AF7679C3,2013-12-30
0076C8327A95E988E721AC33B0FA9D67,2013-12-26
B4A61CBE172F74FA5331EE039FFE8A73,2013-12-01
85A88D44782E90E25868CDA2AFB665EA,2013-12-31
F32C996F49594F21C3C14A9E1821A81A,2013-12-31
99F054D1DBC68AA8188E60B3218A03E5,2013-12-01
E5543A55F9B9E60EBDDB0D6451EAC082,2013-12-31
FAC826F3A42DAC858AAB54B7509D7AC7,2013-12-01
BCEB2F048FCA6F2DB11E275E6B892E15,2013-12-01
3F79A36A084B76208C3CD5856D79176D,2013-12-31
22109D609B589074F9044AC6128ED313,2013-12-31
C1A48FC85303DE1EAA952C45E131915B,2013-12-01
ECA7DB347329CE6438F701DB0FB175F2,2013-12-01
DCAD65EC4E38C2CA3CB0130F9F80E9AF,2013-12-30
3176853D8AF1F8D40C66A8DB471A0D4F,2013-12-30
C1A48FC85303DE1EAA952C45E131915B,2013-12-01
75148F5ED6DECC2B4B4FAE2F61951EBB,2013-12-01
F9ABCCCC4483152C248634ADE2435CF0,2013-12-30
C7CCF005EE37A825A7D91E63AC8FFD28,2013-12-30
D8804787E720AA0CC644E477AF1DE7D9,2013-12-31
D53EB16B85EB24D1E44CD719ABDE2A4B,2013-12-31
AEB1B4DACEC017D9E864F89D4DB5C0C2,2013-12-30
A5F7EEE27975253E211130D4037E62EF,2013-12-31
38114212AD7C2127DE737863C465656D,2013-12-31
3FFC48DBEB9D0179948B8E9E5D84D5D0,2013-12-31
49041F830C61A325B0FA17BBA899F88E,2013-12-31
7FF780FA14EFBF05B270E18B0A38B678,2013-12-30
B7EF8242FFE3369E40D0ED5FDDBB27B4,2013-12-31
DDCBE3295F4678F613FE6424F03078ED,2013-12-31
8A91C18433017E113E3117C202641E5B,2013-12-30
0A3BE3D371D9E87E699561C903AED3D5,2013-12-31
D40A5214E008BDB1CD63D942946AF325,2013-12-31
E5877814F11EDF278753F17FD444A29B,2013-12-31
E11C4A44AB43931839290A60442034EA,2013-12-31
85F656CD4438F296156A08EB0AC79698,2013-12-31
9BB934828EB711E57642DB7674A8264A,2013-12-30
470CD8E5252BBB032D9838595C374C73,2013-12-31
F7E4E9439C46B8AD5B16AB9F1B3279D7,2013-12-30
B65FA1744EEB0CA74CBFCEF42534F998,2013-12-30
D85DEC61064770407CEEF7FFCB79D153,2013-12-30
E7AA46578F4D4F641E461B14220A19ED,2013-12-31
DE3088FF5F18BF3EF934BBF73A88BFD6,2013-12-31
F1C63842BC47D1C30A1317560F24FD38,2013-12-30
A363844E18C95B6C3990354B57B3D1E0,2013-12-30
066E412905F56CE0CF60D9393627A978,2013-12-30
8EB9CE00A5AD729095BC542FC5FDB5F4,2013-12-31
7224604EF2AE1672E7D0B6985DE28F22,2013-12-31
99B1FD019B175E0CC6E57BC9E4FAAC94,2013-12-30
3AD3FD1E0FF005C669DC858D5D46707C,2013-12-31
3B6004BA1463D7F797AFB991069A053C,2013-12-30
08846AA97300B77F28AE5421CF317761,2013-12-30
072E0721AE3D3F91576E68BAC5F6A802,2013-12-31
2D76170B2CC1D22099C499F76910B4E1,2013-12-30
58BB45685CC273416B8CF16E8F852B3F,2013-12-31
33C5CA859B7EB35E11E63A777670DBEB,2013-12-31
0C3D03822EC2B0DAABC565EF330580E9,2013-12-30
C31D40E9DF88F6A5D567067EEADB073E,2013-12-30
52AA49E6B946088C5C94082E67C564A0,2013-12-30
BBD68285796CE1EEC417CA3EA06E365A,2013-12-30
753EDB6058E7FD7C9934891A2DC635F3,2013-12-31
A02D4ECDB0259A32CD260C96471A8E5B,2013-12-31
2F1BD64A6697565B09BB44AD5322E6EA,2013-12-30
39275BCCDEC93012C36F948F661FB0D2,2013-12-31
7FF780FA14EFBF05B270E18B0A38B678,2013-12-31
11B683D81211E96F472173C69D4632D6,2013-12-31
AE790E7EF455F585BB7491174792DFE4,2013-12-30
4F0E1DE2F9F6ECF4E73A8300EC182C41,2013-12-31
289022F3B34AD3B9FC2146AC60D9A5D7,2013-12-31
0C58E359F3F8CDF2DCAF34240D4081E8,2013-12-30
F2D14A50E949305A0F25DE79774C58F7,2013-12-30
E4D468B5721E8AEAABDEAAF86B935BD0,2013-12-31
D4AB576F7BFA80681FF677ADF0FE17E6,2013-12-30
C7F75BDBBAD1C07EDCD34208CCE57988,2013-12-31
289022F3B34AD3B9FC2146AC60D9A5D7,2013-12-31
8E75B529F57CCE512C155D4400ECEBDA,2013-12-31
0FBCA8B7F51A9684E0CAEEEBD3B1DD52,2013-12-30
FFC6BE0FC070E78A65F9A0858D10ED63,2013-12-30
4F585E38046E5F32F467D3F1945F546F,2013-12-30
91E3EED837388FCB1BDA17CF187A098F,2013-12-31
7CD0F3BB67ADB79EA429A4CB238B4D6F,2013-12-30
DE2493A9D130CB5B52D5C119EE2314FF,2013-12-30
39B918F5941FD69B6AF735E990FBDC19,2013-12-31
3C2A4F6749071838209309A7A8E1898F,2013-12-31
84AE9838EE99784329E816771F88C97B,2013-12-30
25084C0F3B5F8E965921BD7AE4D65F47,2013-12-30
2FEA0AF4B4BDD3A9B80AEDB37420E7A6,2013-12-30
FD03665F488E0170C2AFEA00A6099047,2013-12-31
AAEFB8C11A2F6FBD381C062A171B871D,2013-12-31
29F2375C358FA636C27DB13C9854F68B,2013-12-30
3FD49BF65014EDF9FD658D15CF93D684,2013-12-30
E1B92B58811BDE0DEEB8BDA69E46AA82,2013-12-31
0D39C769AFBACAB0AEC96224961A3DE9,2013-12-30
474C0EE2B16884B48A8FEDF1C2B2C4F7,2013-12-30
063BFA09A87028D808DB136E81356B59,2013-12-31
7DC84BC540920BAF00E6F316F016EEEC,2013-12-31
3591DA4E49ED5705C79A8FBD75A8918A,2013-12-31
54E0A7E84EAFDF6D0C70DC8E8A272FD9,2013-12-31
055695E9AA183E8CC6B4EDA08ED7E8D4,2013-12-30
2F8670359E7D870199CA23B2DA19C279,2013-12-31
D85DEC61064770407CEEF7FFCB79D153,2013-12-30
90AC76396D3532869BDDDC68A11C7CA7,2013-12-31
940E75F9AFA7477F81A2D9D34EC34706,2013-12-30
15D0817DD288F1BC355E0803AE2CC679,2013-12-30
3A144622F70AAA6E33F32E2711C270B6,2013-12-31
5BD2ECB401812CECDA233D563BF393F0,2013-12-30
066E412905F56CE0CF60D9393627A978,2013-12-30
D450F1CB44A89F37CDD1A28EFE7AA263,2013-12-30
6439E6CB73E51BCA343EE19773B60715,2013-12-31
27AFF1A7DC82D05E8EE40B4BF4420B71,2013-12-31
753BC0484097BB236807E896DC2241DF,2013-12-31
9E8E5C4860C1F18A9A9A78D3A821A735,2013-12-31
6070E27581348947E9638E173F07466C,2013-12-31
E4B3BD2D019F61A817E10ABDF43069E3,2013-12-30
D45A8A9E6CC852A73D682BFF53776A4F,2013-12-31
C039DB5B6581C4672944FEBD8C8AC980,2013-12-31
80AC2E141CB5B9D8B8DAC48988B2A3BC,2013-12-31
31F33E3A32FD6AA1F92620589AA43CC7,2013-12-31
E74B3D703510D545E9C80203AF688910,2013-12-30
360FB36E18FB308A1E3B97C738B3E769,2013-12-31
99563C0024F21266280CF9CFDDC83BC2,2013-12-31
4B2657F5BEB3CDF7D260C74A5E75BCED,2013-12-31
FE6449BC4837A48D56D9D01265659420,2013-12-31
D2A8E7A2894575F988F336AC54300925,2013-12-31
E20BDF040D813FD128864B98A8DA1C92,2013-12-31
B65FA1744EEB0CA74CBFCEF42534F998,2013-12-31
50B50AD29094B406B0F9961457A2F5C8,2013-12-31
0E97EE91E9FC3335A9328334B6B516FB,2013-12-30
18295C622647C5F8291F47CEE94A517A,2013-12-30
1066295CD099537C913DA66A2DC41F29,2013-12-31
C0F053BF49155EDCFD2000C677C5FCDF,2013-12-30
07A0F87F3E065B7013796526962B61FA,2013-12-30
38E96880D8FA6F4482985C4E8A9CF3ED,2013-12-30
B2BBFF7B98AA34E68725CB27CB778855,2013-12-30
BAD12178D0E3FBF12599529781D747F3,2013-12-31
803374A58877CF5F2519B6127D5C9B6E,2013-12-31
3FD49BF65014EDF9FD658D15CF93D684,2013-12-30
84E9CA8653DB2ED0B42EDBB07CF0354C,2013-12-30
596213F2A8017BC045FBB1CC2B7D2357,2013-12-31
6B1CAC68DB144DC73B68D08D684F6550,2013-12-31
D4F11D4DBD6462558977E1DA00D7137A,2013-12-30
8EB9CE00A5AD729095BC542FC5FDB5F4,2013-12-31
5962CEB4E6066574DBF1A68FEA600E23,2013-12-30
7F8C92A480CEFBD1B7A1014F900F4D51,2013-12-30
BE0EDC5ED6805C367B1D638C4658A9EC,2013-12-31
DD77462F710A8422651F2390198665B0,2013-12-31
CFD72ACC57CAB42A7776C76510DFBB90,2013-12-30
B16DF0B4526AA90C82ACB7AFFB70FE37,2013-12-30
103D58A67E28193169018502B93495FC,2013-12-31
0310297769C8B049C0EA8E87C697F755,2013-12-30
9DD5AAC61C00A7856E08421380EA8D65,2013-12-31
D8804787E720AA0CC644E477AF1DE7D9,2013-12-31
1D4E668DD639DDFDD66E96FB859DB7C3,2013-12-30
0A3BE3D371D9E87E699561C903AED3D5,2013-12-31
5A5765FCBB01AFC6E4873B7540F1A968,2013-12-30
B5792C4FB3A8665E7C0E8C9BEF3DD470,2013-12-30
144BF37319EFB8470826920EE8ED72ED,2013-12-30
33C5CA859B7EB35E11E63A777670DBEB,2013-12-30
D8804787E720AA0CC644E477AF1DE7D9,2013-12-30
4E260C3310346E735CBDF8C8E6761D66,2013-12-31
386D507DA2BCAE3134BF3256F616545E,2013-12-31
348D6EB1395F30486361304582231889,2013-12-30
B4927C0E2C4A9E33E1D8E4E630332D50,2013-12-31
85BDD19BCA2339F2AA911474652F743F,2013-12-30
2E86563DDC6979F7D3BD2D957F4DB476,2013-12-30
33C5CA859B7EB35E11E63A777670DBEB,2013-12-30
A0B0CBCF79CE29AFDE338A116EC7F9A9,2013-12-31
1374526FC456A13F0CABBAB2F7574FDE,2013-12-31
39B918F5941FD69B6AF735E990FBDC19,2013-12-31
C5AADDB89C535DB639E0296EF40062E4,2013-12-31
BC125BFA5E38D68A02521C3E59AC6EE3,2013-12-31
253F71A0201F800FE5F1F796DE843C65,2013-12-31
BB5B8586363E8796B1C3E3B8AB323439,2013-12-30
E3ED4621CBD367E7E71D2E5A13A50841,2013-12-30
50E46DABB07659999B575D3490F14AE9,2013-12-31
82648133B20BFA7157F41024D4587F9F,2013-12-30
8A91C18433017E113E3117C202641E5B,2013-12-30
055812F3BA1EEC412E4334F6B8700D25,2013-12-30
FCB1BF2054823AB4F0D2A35BB5A26A11,2013-12-30
223670562219093D6B5A51528430CCD0,2013-12-30
AA09CB752696417B95ADFE79A7948E6A,2013-12-31
AF8345375BA63B1AD7662650FBEB01B9,2013-12-31
A4705F67998839226E50F0C624525643,2013-12-30
15AFE3548AF724114C3644AA43E3A068,2013-12-30
40327757D1BDC94994B155A50FC57C18,2013-12-31
423C3A7B659B19EC5DE6BD1FB1E290D2,2013-12-31
67ECEA008EF4B5C5C023B2D41FADDA6B,2013-12-30
3BC850053E2D59CC57E2083F6781ED7F,2013-12-31
91780DA9C84994529AC6420FA2FAA198,2013-12-30
37DCA5FA626EC97DD2DF9012103D88BA,2013-12-30
5E43DAC40742CE78569ACBAEC6F51F5F,2013-12-30
9473B2600EF2EFC9E9B89842CBAFC4AB,2013-12-30
F2D14A50E949305A0F25DE79774C58F7,2013-12-30
D4F6019AFF0919A9E65E337C0A69DAAF,2013-12-31
DD7D2174CF4AA5B08CD157E7B4CFAB88,2013-12-30
B6A2AFA4CFA7B5AEA589116CEDE49DA5,2013-12-30
13E378597424D0A82D2DE84D2070D0C7,2013-12-31
BF9D136E71CE1E93F3779316EA978AC7,2013-12-30
E2214C4F27A108FD90DBA830B6DA7FD8,2013-12-30
91425DA964F3DA46C9B14255BE3A10ED,2013-12-31
7219E4C7C68C04DCCCFBA39D793AC641,2013-12-30
684517F15003DF58C998F959C8E79DCA,2013-12-30
3B8653DBA87910C7A21E70729D5CBAE9,2013-12-30
64207315352C1899CA48E712BDE706A6,2013-12-31
EAB40542E1B689455D0EA2BD8F59AE6A,2013-12-30
DD77462F710A8422651F2390198665B0,2013-12-31
C96BFFF929E6ED33760A63F5B779C0C6,2013-12-30
DEE797FC40A1553D1FB5A7A1BA6E3C0A,2013-12-30
1BB54821B7AFFE9398A50A224A746745,2013-12-31
42CF438B45380565DF28CEF720AC2B99,2013-12-31
52AA49E6B946088C5C94082E67C564A0,2013-12-30
C8CF554D4470D2EF332664BFC2A1E48D,2013-12-30
D87EB3AD2ED303B3D92E37D871B2C2E9,2013-12-31
EA2D23313A561CF88E0BE68B5659C8E7,2013-12-31
48D360B909E19591E0EA7BDE4BB93A73,2013-12-31
41ACF7587B79945C7F8A23342E0BD641,2013-12-31
9473B2600EF2EFC9E9B89842CBAFC4AB,2013-12-30
4C4E32C8BEC638AB9DC492E7224D32F9,2013-12-31
74B7D835C2CD98606D5256DA8A38E045,2013-12-31
D7FF4A6D75A0F3DB9E5A1701D2E2F8B7,2013-12-30
0DE106C22F91831CF67D04EAE7973F02,2013-12-30
F88197A861FFE28141E0E4B8D937E12A,2013-12-31
0781677ADD121C0A9EAA66F5E17F88B3,2013-12-30
13E378597424D0A82D2DE84D2070D0C7,2013-12-31
E66566289DA142575827CCE548F9D698,2013-12-31
065BED6566F2BB3F0512E7D461611B53,2013-12-31
9E8E5C4860C1F18A9A9A78D3A821A735,2013-12-30
25084C0F3B5F8E965921BD7AE4D65F47,2013-12-30
7040594AAA447558A0F791BB3BF70BC3,2013-12-31
DD77462F710A8422651F2390198665B0,2013-12-31
9150150894F4D1F06AB4A016AF410DB3,2013-12-30
52B41D56F1DCBE602300BB141CFF4D84,2013-12-30
ED3EE7134D4EC8AF923D49D75BA1B354,2013-12-31
2BB63C89139195CDD13A4E5E563A7B83,2013-12-31
D3E444BA944E2AFDFC8C61B4A9EF06D8,2013-12-31
2A7C1AF76D40C1D22AFD91EB8D4D7BAF,2013-12-31
2D76170B2CC1D22099C499F76910B4E1,2013-12-31
FB3827A1DE764DA796EE21D5243FB845,2013-12-30
C6E8EE191E184B2F5C6B1819AD6F5F95,2013-12-31
951AF191A12643F5F7DE91F248A9417F,2013-12-31
75CAB55DD8B5BDA71DF140808C5ED90A,2013-12-31
47FA110395C9F5F87967450AF59DEE96,2013-12-30
FFC6BE0FC070E78A65F9A0858D10ED63,2013-12-30
80B2CB48031B977580F5F854316D647D,2013-12-31
4F0E1DE2F9F6ECF4E73A8300EC182C41,2013-12-31
3246AA03B718062309B61CEFEDA6C60A,2013-12-30
C901A9DE8D66C4F05813EB48C50F0686,2013-12-30
7D9927A0E4D30D6BB4358126B01BAB2B,2013-12-31
49E06386E3DF30FFB6A98D4321874BF0,2013-12-31
B0D42E6FDE66F70C79CA556CE1D39154,2013-12-30
B6F0AC4F3BBD17A5B9FE4F4F25F2E698,2013-12-30
FD137570AA6B0554FABF87C62F2A9514,2013-12-31
065BED6566F2BB3F0512E7D461611B53,2013-12-31
423C3A7B659B19EC5DE6BD1FB1E290D2,2013-12-31
753EDB6058E7FD7C9934891A2DC635F3,2013-12-31
DA9514BA6429367E5108A5880965EA5F,2013-12-31
9CA61A4E11B129E3AE2F7E89F6FD24FA,2013-12-31
7F362E0A4FBE7860957FC77AA806AC7E,2013-12-31
65C6171C49705F67A5C1037F34A37B15,2013-12-31
0310297769C8B049C0EA8E87C697F755,2013-12-31
AB0407824CB0F06EF6891BB0BC6B27A3,2013-12-31
D87EB3AD2ED303B3D92E37D871B2C2E9,2013-12-31
3A144622F70AAA6E33F32E2711C270B6,2013-12-31
D3970E214CC86DC384CA13276F2E3942,2013-12-31
D450F1CB44A89F37CDD1A28EFE7AA263,2013-12-31
10CC1511C786DCD23292B2A505DFB854,2013-12-31
99B1FD019B175E0CC6E57BC9E4FAAC94,2013-12-31
BF2DA7E5287A30712AF0FCEB6D9CBDF1,2013-12-31
8670B12F794024A37D4399BADF1E7F47,2013-12-31
4DFEC1BC647AD443CD3AD7905F90F93D,2013-12-30
DB1964B903773868E191176E8EF47946,2013-12-31
7040594AAA447558A0F791BB3BF70BC3,2013-12-31
8D54302C7858B4ECC7B9EF5B3C1910FF,2013-12-31
3C002A8E7D00E0AE8554096F1B0DBCB3,2013-12-30
1636FA083146AF6AE18DBD059D04CA76,2013-12-31
2A7C1AF76D40C1D22AFD91EB8D4D7BAF,2013-12-31
DA228BD6F2DA6D9AEA0DEE5B61380F9C,2013-12-30
77D9307463817B2441A5FDCBC87C0569,2013-12-30
8131B4FB391E29C782B0B75C05111437,2013-12-31
830001BCB0D26BA47B0EC80C8126EFA9,2013-12-31
3C002A8E7D00E0AE8554096F1B0DBCB3,2013-12-31
B09DCB89131DBC1307F6EF881B49492A,2013-12-31
DDCBE3295F4678F613FE6424F03078ED,2013-12-31
74EA8560C35A938F4FAA580F61B149A3,2013-12-30
768D150B38EA5354113A8F570BAF0875,2013-12-31
266B86C760D892DE61ED0F17C6FA4554,2013-12-30
37DCA5FA626EC97DD2DF9012103D88BA,2013-12-31
746B3CD01F3DD1B976876794035865FA,2013-12-30
5BD2ECB401812CECDA233D563BF393F0,2013-12-31
4E676DC4DC14C16BB48E2177DB17875D,2013-12-31
21EF484FBA1254F1C1A721CD6EA979C1,2013-12-31
E76D34F7BB8A88637060D4B756819B38,2013-12-30
CCDD7C317BBF35D4585CB9BC4F4299A5,2013-12-30
6070E27581348947E9638E173F07466C,2013-12-31
774BEEB52B833E124ACB1766DCD4E570,2013-12-30
B6EA16667573BC4128A52741FEC5E703,2013-12-30
3D436CD3F76226A6F20C783FBB1C235A,2013-12-04
1066295CD099537C913DA66A2DC41F29,2013-12-31
32A31869367DDE058DEF48F9B479FBC3,2013-12-30
1636FA083146AF6AE18DBD059D04CA76,2013-12-31
D4F11D4DBD6462558977E1DA00D7137A,2013-12-31
9E888418F983E0F3C634ACA3DD05016B,2013-12-31
221F4E5822BC50C4C1BFC91E6CCDD126,2013-12-30
5631EFEA4548A672083892B707CA6AB2,2013-12-31
A1EC6974145CCC3C2275F2F710278056,2013-12-30
9490A926E088391713A9D6003672A540,2013-12-30
81EE52118846F231A6921B307C85D98E,2013-12-31
19B23C50462B14FDB66B58879E4D1FD1,2013-12-31
39D699FC4964FBF7160BA1444D40CDDD,2013-12-31
C5A1D0231053EA284D479996F76A7268,2013-12-30
8B9AE848D41DCD058A244A9D6F0F4BF3,2013-12-30
9150150894F4D1F06AB4A016AF410DB3,2013-12-31
FCB1BF2054823AB4F0D2A35BB5A26A11,2013-12-30
2D8C1A8CBC6EA0A268C5A42929B9DE15,2013-12-31
517E1DF5C14F7C75EF1DEC39B6ECAF8A,2013-12-30
FD03665F488E0170C2AFEA00A6099047,2013-12-30
A9800290BC80F9B3908EFE9412BB2E95,2013-12-31
5631EFEA4548A672083892B707CA6AB2,2013-12-31
1DB9D687684956F866AA084C26318DD2,2013-12-31
EE8D55EE93F313FBE0BD7B10BFFD66EE,2013-12-31
1B54A24AF23FD2C4CA404390E9038A5D,2013-12-30
B6BCBE595116CFC930EEF414717EEDDB,2013-12-30
C9D80ABF46698CC04CBB518530A35802,2013-12-31
E62220E9AE6E7750A57F15FB78FDF21F,2013-12-30
0310297769C8B049C0EA8E87C697F755,2013-12-30
5AAD9B9972472BB8D128D70544B96AB9,2013-12-31
1B54A24AF23FD2C4CA404390E9038A5D,2013-12-30
1BAAF73C51D8FB7A324BD70A010184D0,2013-12-09
0F7E68B02972776B659FAEEB8C78B3E4,2013-12-31
D2A8E7A2894575F988F336AC54300925,2013-12-31
C13BD886F362AC4D71FEB912091AB76A,2013-12-30
8C61012341CF77592B7AC67ABB2993CC,2013-12-30
0DF80FDB0E48E1A2534EE0F509BC66FB,2013-12-30
B50F660464E5D06498D69BE6F391336D,2013-12-30
A487060405F7397B1D4F64A5522E6F37,2013-12-30
4D85BA8EC586E2B4A3D63B45F911C1A4,2013-12-30
19B4B9F2AA7D248A61DAE4B8EA9B5D32,2013-12-31
F2D14A50E949305A0F25DE79774C58F7,2013-12-31
08E1CEA4851C1A6BC150CD26D6D42C00,2013-12-30
746B3CD01F3DD1B976876794035865FA,2013-12-30
DFDB68490A89534268F7C443CB7F28F0,2013-12-31
B458C7D184125F689833D71A5A648B76,2013-12-30
51AAA7E3524E2B57B08B45A1828A1F25,2013-12-30
CC2F84E11976D3ADFBD16DE1E2E21263,2013-12-31
99563C0024F21266280CF9CFDDC83BC2,2013-12-30
C9D80ABF46698CC04CBB518530A35802,2013-12-30
D87EB3AD2ED303B3D92E37D871B2C2E9,2013-12-30
094CADD61688F3A39C5DF36022B9F110,2013-12-30
7FF780FA14EFBF05B270E18B0A38B678,2013-12-30
C1DE0A667C443362E86D03A0AE948DAA,2013-12-30
AF0D0FBEB3D68F7B77CAE1EDF0ABCEE1,2013-12-30
202310EBAA2BA11A532BBC9655626D5C,2013-12-30
7D8A7EB35B626037FF0178C438FDAF23,2013-12-30
940E75F9AFA7477F81A2D9D34EC34706,2013-12-31
FE9CE5A8A0D303B03381131AB5B0570E,2013-12-31
1CDAC37D394B2AB747D892C014B9C3D6,2013-12-30
1EA70EA832449EDAC9251DE66C91F417,2013-12-31
82B1EB154E3322C4999AEFCDDBA495BA,2013-12-31
39C01E89F4EA31DBAC3BCD86ECE5E9CE,2013-12-30
81EE52118846F231A6921B307C85D98E,2013-12-30
D0430419DC3C5267246A8FAE58C47CED,2013-12-31
2F06CB00F4F0481382FBE9861F0FD2C5,2013-12-30
D1D3D5E1DE29A2329F1E096435930E0F,2013-12-31
3854F977F46134B0D0A5F86E4FE6A02A,2013-12-31
D8804787E720AA0CC644E477AF1DE7D9,2013-12-31
4D041AFA5D556BB050402BF0426F6154,2013-12-30
67ECEA008EF4B5C5C023B2D41FADDA6B,2013-12-31
C7E2AE0162BDDED667595AE0D31F8088,2013-12-31
895A7E9529A4707237372A6499D08DEE,2013-12-31
8C61012341CF77592B7AC67ABB2993CC,2013-12-31
842EFEB7B0FB42096D2CF52C15660755,2013-12-31
3B3AAE2280D2A0DBA38FC6C1D7ADDA81,2013-12-31
99563C0024F21266280CF9CFDDC83BC2,2013-12-31
15AFE3548AF724114C3644AA43E3A068,2013-12-31
809A8A04770116B3803F6884CCD79F94,2013-12-31
024F5B8C15D735F62CA2EADAE3C5D2FC,2013-12-31
066E412905F56CE0CF60D9393627A978,2013-12-30
0BF4420826CD7D1E2A2CABF3FFDB438A,2013-12-31
95CDD1EF32562D299F9E2483D2EB80D0,2013-12-31
6E38AD93D22B4B0C2402F8F63585B99F,2013-12-31
9B2FD3C5B6CDDD14D00A649C07357937,2013-12-30
3FD49BF65014EDF9FD658D15CF93D684,2013-12-31
E4AF136C8DA3FA317911687C4399AB46,2013-12-30
72D51ADC8C9D909324F3556EAFB545C5,2013-12-31
892EDE6F6AAB9C18FC75A50A684F65F8,2013-12-30
423C3A7B659B19EC5DE6BD1FB1E290D2,2013-12-30
155F901F85492F44A8CB1AB6C47DCB7B,2013-12-31
D450F1CB44A89F37CDD1A28EFE7AA263,2013-12-30
931D225790646434AD6D1B460592A613,2013-12-31
5E7E1986BC9EDDD220BE2D317F11FE22,2013-12-31
F12B5E863DA39F74166C62BB5600BDDF,2013-12-31
6B1CAC68DB144DC73B68D08D684F6550,2013-12-31
3AABEB2B3E1F47D8CA0A16B41183810F,2013-12-31
2F8670359E7D870199CA23B2DA19C279,2013-12-30
B6F0AC4F3BBD17A5B9FE4F4F25F2E698,2013-12-30
DC40456B7FC15769BB48EC845C2210D4,2013-12-30
9B56E5B5F237006ECBA3AE6BD11E4E0B,2013-12-31
75DA258524EB3B7B5327CF57D52F0C90,2013-12-30
738407C1675276927925C186F19C2DEE,2013-12-30
94EC93A6126179AF6FF8738E28A263D2,2013-12-31
9F733CA42993C847C8643DFB21E5AC20,2013-12-31
7A69E35CB830CACE1D5664239386F42C,2013-12-30
1F3A1D54BB26E5D53A671C14731AF704,2013-12-30
CAA7D8402874FCA48F0A7CA82D5FBFFF,2013-12-31
FB3827A1DE764DA796EE21D5243FB845,2013-12-30
B09DCB89131DBC1307F6EF881B49492A,2013-12-30
52B41D56F1DCBE602300BB141CFF4D84,2013-12-31
15AFE3548AF724114C3644AA43E3A068,2013-12-30
04D107A378DC761FDA5E92362DCA24E3,2013-12-30
1BCE010A980ABB8BF457A8608962D85C,2013-12-31
C1DE0A667C443362E86D03A0AE948DAA,2013-12-31
99AD3E1B300AF1FBB45109F0A199E980,2013-12-30
19B4B9F2AA7D248A61DAE4B8EA9B5D32,2013-12-30
563A014F15D73D2ACC32D053753E12A3,2013-12-31
3BB071005E2AB8311F1EC1225430A047,2013-12-30
377F3095A2038FF25FCC1F1DED514ACE,2013-12-30
E3921AD2AFC1034FA476B25ADF311744,2013-12-31
3AD3FD1E0FF005C669DC858D5D46707C,2013-12-31
1374526FC456A13F0CABBAB2F7574FDE,2013-12-30
B03043D333781B84FB42C97659BF1F3A,2013-12-31
74B7D835C2CD98606D5256DA8A38E045,2013-12-30
DCE8AA573A5E2C32B029D0446EDB6463,2013-12-30
DA4722EBE397EE825574C883A8D7B41F,2013-12-30
4FE57190FED99E8C1BB06996BC946D86,2013-12-31
F4AB6FC510601202B1AFC632CCF3F589,2013-12-31
5677EA3E0420306484A3B62BC49F3D8B,2013-12-31
223670562219093D6B5A51528430CCD0,2013-12-30
348D6EB1395F30486361304582231889,2013-12-30
A52D0F0771B947FF03AA50B6AE10B03F,2013-12-31
DEE797FC40A1553D1FB5A7A1BA6E3C0A,2013-12-31
4B66E548D053327919A18484F887EDF9,2013-12-30
6D1DAF9DD1F6CCE38D69FA31C687B53A,2013-12-30
12A8FA3ED29F2543D83E057612759EB1,2013-12-31
A5F7EEE27975253E211130D4037E62EF,2013-12-31
58BB45685CC273416B8CF16E8F852B3F,2013-12-30
C4F3B3D0E8D6BFF52CAA1BA4C08A75E3,2013-12-31
3FD49BF65014EDF9FD658D15CF93D684,2013-12-30
753EDB6058E7FD7C9934891A2DC635F3,2013-12-30
9FE6F16E40464555E762BEDD5C6B3912,2013-12-31
2218C94720E89EB1C6630E09C46EA8BC,2013-12-30
CFD72ACC57CAB42A7776C76510DFBB90,2013-12-30
6DB16CEC835025E114CCE6E6FD1E1976,2013-12-31
7D8A7EB35B626037FF0178C438FDAF23,2013-12-30
479B5CA7ABDC8CADA9F88A31B40880A1,2013-12-31
090DFC82C624A617EC0E80818B484427,2013-12-30
98520E65025465DD76B3173150F2C65C,2013-12-31
6EBB9904088288D767E6DE96EE798D98,2013-12-30
25543063A418CEEBB75EE2F4D358CFF5,2013-12-31
EE8D55EE93F313FBE0BD7B10BFFD66EE,2013-12-31
583D7B0EF65331473EA125A58CE832EF,2013-12-31
D5BF97DF0678BF1ABFACB1A255E20D02,2013-12-31
64207315352C1899CA48E712BDE706A6,2013-12-30
DB1964B903773868E191176E8EF47946,2013-12-30
7818B1F185D0F73576D5B5D2C6611E90,2013-12-30
39DC824B2CEA705B0F1CB58194A5623C,2013-12-30
9E888418F983E0F3C634ACA3DD05016B,2013-12-30
8F1E8A270DD4A07828D392E757A69A62,2013-12-30
0BE5CA0072B5BE91AE043448F51AEAE6,2013-12-30
0554EEDB0E9A05B30CC37E3AFBEB5329,2013-12-30
EFAC6DDCC555586314C8225179232DA9,2013-12-30
EB4EDD40F3E53A82D13BC2DC38FED693,2013-12-30
31F33E3A32FD6AA1F92620589AA43CC7,2013-12-30
AF0D0FBEB3D68F7B77CAE1EDF0ABCEE1,2013-12-30
3ECFE5406EBB0EDE7DDC6D06E896E392,2013-12-30
BF8BB94FEEB5C6D1F499351E960EF92A,2013-12-30
D450F1CB44A89F37CDD1A28EFE7AA263,2013-12-30
611D3C5B26C2B049F4E07B4BCB8603C0,2013-12-30
29E861739FE244B49F85225D82938E1D,2013-12-30
CD7B02776E69483397952DC5E1F44DFE,2013-12-31
2EFC4AADDD2B68E519084FB506D8EA48,2013-12-30
A0B0CBCF79CE29AFDE338A116EC7F9A9,2013-12-30
48D360B909E19591E0EA7BDE4BB93A73,2013-12-30
FB7DF5E95B93E25681215A31B039784D,2013-12-30
E76D34F7BB8A88637060D4B756819B38,2013-12-30
D4B46DA9EB329F33914399E8A1C9CDDB,2013-12-30
0CFCEC473FD10743267399B4B00A9D5B,2013-12-30
9E888418F983E0F3C634ACA3DD05016B,2013-12-30
9921EC712A73126B4E449EF6B092A5AB,2013-12-30
57C8B2481AB17FBCFBE049950FCC425E,2013-12-30
2EA6CE203DBF1F8F6A484D985070619E,2013-12-31
B2BBFF7B98AA34E68725CB27CB778855,2013-12-30
B04D954375C72A65D84BCDDB6FDDB41E,2013-12-31
5962CEB4E6066574DBF1A68FEA600E23,2013-12-31
DD91C565768C4FC443542B04B0354821,2013-12-30
A4705F67998839226E50F0C624525643,2013-12-31
6AF797A6A38F0E9C7BBC5CA381FCA41A,2013-12-30
99AD3E1B300AF1FBB45109F0A199E980,2013-12-30
E74B3D703510D545E9C80203AF688910,2013-12-31
2DA12E2776B48AB3C8EBE6B57B2A0730,2013-12-31
887561F8AE1588AA4ADAE467FDE62BBF,2013-12-30
BDAB957909D0FA11D183578780C9F952,2013-12-30
177D012266F461E58A1A87A32DB6036C,2013-12-31
37DCA5FA626EC97DD2DF9012103D88BA,2013-12-30
0E97EE91E9FC3335A9328334B6B516FB,2013-12-30
7183C9A8B5A276ABA9B74A55A61E74AE,2013-12-31
AE6D169855A4363F119879EB67476A26,2013-12-31
DEE797FC40A1553D1FB5A7A1BA6E3C0A,2013-12-30
CB4370439C32EA7AEB8646680BE87044,2013-12-30
9DBF9064498B0968B2B0B681B4C70363,2013-12-31
8D8BCB635B9DD8552169EF724F8B31BF,2013-12-31
29899D70EC318AFF0A44E83D4946F5E9,2013-12-30
6070E27581348947E9638E173F07466C,2013-12-30
F83C6247DE14A8F86152DF35C3C49911,2013-12-31
80AC2E141CB5B9D8B8DAC48988B2A3BC,2013-12-31
F6A8804606D1794D23004174E2919E06,2013-12-30
E1B92B58811BDE0DEEB8BDA69E46AA82,2013-12-30
423C3A7B659B19EC5DE6BD1FB1E290D2,2013-12-31
42CF438B45380565DF28CEF720AC2B99,2013-12-30
8A91C18433017E113E3117C202641E5B,2013-12-30
E2563431CC2CC16F7BB22481922E6458,2013-12-30
A2AFC9C0B840AB40E0DCD3B5F8B9E81A,2013-12-31
6C80CB291DA4A1F2F927503DE152339D,2013-12-31
2043E79B290D2371D6CE1C67DC72F774,2013-12-31
9A32ECEE9D98D519EF65B13B582668EB,2013-12-31
546E689A5A5151E24584B1B3BFC63B92,2013-12-30
0310297769C8B049C0EA8E87C697F755,2013-12-30
0DF80FDB0E48E1A2534EE0F509BC66FB,2013-12-30
C203AFF474B905666AB6161750FA374A,2013-12-31
0F47BD0497E64B4E1B1675904E86B273,2013-12-30
ECB99E39D0FEBA1938CEB2C5696CB9B1,2013-12-30
0476611C34007CA18430A5FB592820D2,2013-12-30
072E0721AE3D3F91576E68BAC5F6A802,2013-12-30
38114212AD7C2127DE737863C465656D,2013-12-30
2B8D072FF7AEEB2D723FB58BFC96D358,2013-12-30
32A31869367DDE058DEF48F9B479FBC3,2013-12-30
B58E6401091C7B660A2E408620D28D63,2013-12-30
CD7B02776E69483397952DC5E1F44DFE,2013-12-31
479B5CA7ABDC8CADA9F88A31B40880A1,2013-12-31
144BF37319EFB8470826920EE8ED72ED,2013-12-30
B594DE549FA4383F2B0C053F0C36B9CB,2013-12-30
5E7E1986BC9EDDD220BE2D317F11FE22,2013-12-30
62BA3BD2DF62C0C17886CB5A46FB561B,2013-12-30
2270A88E288E8CCA2BABDDB783ADBD80,2013-12-31
FCB1BF2054823AB4F0D2A35BB5A26A11,2013-12-31
58BB45685CC273416B8CF16E8F852B3F,2013-12-31
7CD0F3BB67ADB79EA429A4CB238B4D6F,2013-12-31
50B50AD29094B406B0F9961457A2F5C8,2013-12-31
063BFA09A87028D808DB136E81356B59,2013-12-31
29F2375C358FA636C27DB13C9854F68B,2013-12-30
33CADDF39ADDFCFB449129796E09F946,2013-12-31
E034E36C7B73E53B114B838FED36BEB2,2013-12-31
EA2D23313A561CF88E0BE68B5659C8E7,2013-12-31
3CCA3C193B9038B883CD9316FE4828E7,2013-12-31
F903DC21A8A0DDA25903BBE2DDDA9BA2,2013-12-31
63E1CE031EDB33209F200A44A2A50532,2013-12-31
90EDF3872120F174C99E2853521F077D,2013-12-14
DCFAA3645CC36135EF181AA18C03A791,2013-12-31
D92C501D8573517CCAE8E353C71DBABD,2013-12-31
ED326DD16CB75A67C862B869BF899DDD,2013-12-31
351F5FF3C89025A0BF48A4165A91EF73,2013-12-31
94217F40CD6BFCC245866ACDEAAA28CF,2013-12-30
DE30A71DAE23DCBD2C5B5F176E5445E7,2013-12-31
0B0F186D7B3ED9E6D7F7AC9CED9CD597,2013-12-30
8AB22006A5DCF25C6678CC7A100AB01A,2013-12-31
A47AD2D8C7273EEF99AE063BE87B46A1,2013-12-31
84E9CA8653DB2ED0B42EDBB07CF0354C,2013-12-30
80AC2E141CB5B9D8B8DAC48988B2A3BC,2013-12-31
44D5C33FEDC2A2235E6A916B4968DB35,2013-12-30
E6872EE57102DD7CE9DD99ED7A598B04,2013-12-31
2EA6CE203DBF1F8F6A484D985070619E,2013-12-30
1D80BFFF2C8902916EFF4B1F1BFD63D7,2013-12-31
0C2E004B7633C945431FBD624132B9A4,2013-12-31
141DA2FB6D46C79F77A6E2FE63FE4FFE,2013-12-30
AE790E7EF455F585BB7491174792DFE4,2013-12-31
AF8345375BA63B1AD7662650FBEB01B9,2013-12-31
7B0FCDFF4DC4D7E6379CD6595C024F1D,2013-12-30
9557F7DFF6DB1229E87822C93838A1E1,2013-12-30
266B86C760D892DE61ED0F17C6FA4554,2013-12-30
BEF923057D0DD73DA82C372B6B905413,2013-12-31
0081EFFCBB2AD30F9D85B3A07F5EAB45,2013-12-31
F7DECFDB42FB9722B78CA7E46AC7C055,2013-12-31
B638A1E0B6C96839438C387FD5A51440,2013-12-30
3543A3CA46D3AA1DDFC0CD979F56247B,2013-12-31
753EDB6058E7FD7C9934891A2DC635F3,2013-12-31
99AD3E1B300AF1FBB45109F0A199E980,2013-12-30
FFCFA7AFF0DE2B5081C6C1A11099A691,2013-12-30
9DAAD7BFA53C91605104DD1874EF97E4,2013-12-31
1D80BFFF2C8902916EFF4B1F1BFD63D7,2013-12-30
7FF780FA14EFBF05B270E18B0A38B678,2013-12-30
6A890C798CD78A646C981631B3027AA7,2013-12-30
E26FE772E2468498048E13F5627B8AC8,2013-12-30
1D3E10899AD1F164776E4D3AED18C770,2013-12-30
45B01E8DC88CE9D9229B787B5A6E255B,2013-12-31
75CAB55DD8B5BDA71DF140808C5ED90A,2013-12-31
80597D0E43BCBAFB5FB90ACBF8233A24,2013-12-30
3F04F700CC3A6072C319596C149428C2,2013-12-30
C203AFF474B905666AB6161750FA374A,2013-12-31
A80740399A40DE2C23B9C140686A3200,2013-12-30
39C0E43DA5097D9FAA4ACC13BEB6EFEC,2013-12-31
A28087F08A19476E7AD1D2580748B4F9,2013-12-31
D8804787E720AA0CC644E477AF1DE7D9,2013-12-30
3F38E295118F0BFFEF93ED81A5EFB47D,2013-12-30
D4B46DA9EB329F33914399E8A1C9CDDB,2013-12-30
198CE3EF5EE01960EE8CEB9CF9D1B0E1,2013-12-30
04C91A0C3EA18FF59D0DE7628ED4FA98,2013-12-31
47FA110395C9F5F87967450AF59DEE96,2013-12-30
7C85CB4609C72ADD64D1B852B177B29B,2013-12-30
857412C3358CA1560097317F4DFA3A9F,2013-12-31
94EC93A6126179AF6FF8738E28A263D2,2013-12-31
38E96880D8FA6F4482985C4E8A9CF3ED,2013-12-30
266B86C760D892DE61ED0F17C6FA4554,2013-12-30
2EFC4AADDD2B68E519084FB506D8EA48,2013-12-30
D19AA64EC819046B01E11AC616D3736B,2013-12-30
8F411580D33665E25CAAD79E0F29AB56,2013-12-31
91E26392B0FB090B4E2F95ADBEFAA71D,2013-12-31
BE0D66D2F076E9E0D89FCCA98E32015F,2013-12-19
E8CEADEDAC0B007F9DAE918E1DC5E3FF,2013-12-31
CC159E34A5F10EC31C31E35E94BF1616,2013-12-31
E2214C4F27A108FD90DBA830B6DA7FD8,2013-12-31
66DA261DA2E0305435786C152085CCC2,2013-12-30
B58E6401091C7B660A2E408620D28D63,2013-12-30
91780DA9C84994529AC6420FA2FAA198,2013-12-30
B58E6401091C7B660A2E408620D28D63,2013-12-30
74EA8560C35A938F4FAA580F61B149A3,2013-12-30
4B66E548D053327919A18484F887EDF9,2013-12-30
177D012266F461E58A1A87A32DB6036C,2013-12-31
CFFFEB2717F4782BE1DCCC5F173E0AE4,2013-12-31
F12B5E863DA39F74166C62BB5600BDDF,2013-12-30
8C50BFD0C7D41A93F9E436BF6FEFD909,2013-12-30
4B66E548D053327919A18484F887EDF9,2013-12-30
C203AFF474B905666AB6161750FA374A,2013-12-30
768D150B38EA5354113A8F570BAF0875,2013-12-30
213029F52128CE3A410C4BC182A28BC7,2013-12-30
FDD1B352CB83868F656BCE2526608A4D,2013-12-30
1D5461C0B8E5E4D20BCCF29B76781116,2013-12-30
99563C0024F21266280CF9CFDDC83BC2,2013-12-30
3854F977F46134B0D0A5F86E4FE6A02A,2013-12-30
7B858DEA24A14489080FAA39764D3430,2013-12-30
AEB1B4DACEC017D9E864F89D4DB5C0C2,2013-12-31
AB0407824CB0F06EF6891BB0BC6B27A3,2013-12-30
91780DA9C84994529AC6420FA2FAA198,2013-12-30
34AC23F581E6E51CED573F2C991E1168,2013-12-30
EC40407B1C9B2539F4D0ABA549D02C22,2013-12-30
C14289566BAAD9AEDD0751E5E9C73FBD,2013-12-30
74EA8560C35A938F4FAA580F61B149A3,2013-12-30
670FA10E6EAA2AE090010DEEFD945DE6,2013-12-25
3E86DAAE0EC6469792192248417D8450,2013-12-30
34E4380D047A9DD4D0D0CFFDA3BF4A89,2013-12-31
E1B92B58811BDE0DEEB8BDA69E46AA82,2013-12-31
98F5E72A531F1AE8D1EB4D1BF2D57FE6,2013-12-30
E76D34F7BB8A88637060D4B756819B38,2013-12-30
59510A0D8F1B37A3F7B876952D78CFB3,2013-12-30
D450F1CB44A89F37CDD1A28EFE7AA263,2013-12-30
C83E1F8F98FB9B4271892338FE30F1E9,2013-12-30
D963CBA95EBF390B8ED932C3ACBBCE6D,2013-12-30
9E8E5C4860C1F18A9A9A78D3A821A735,2013-12-30
9F733CA42993C847C8643DFB21E5AC20,2013-12-30
4F34ACD42D64890E1D86FC2D0AF2F20C,2013-12-30
474C0EE2B16884B48A8FEDF1C2B2C4F7,2013-12-31
F1C63842BC47D1C30A1317560F24FD38,2013-12-30
0FBCA8B7F51A9684E0CAEEEBD3B1DD52,2013-12-30
F3E9A474371E7BCB53FD6CA825AF8B31,2013-12-31
A4705F67998839226E50F0C624525643,2013-12-31
0E97EE91E9FC3335A9328334B6B516FB,2013-12-30
63E1CE031EDB33209F200A44A2A50532,2013-12-30
72D51ADC8C9D909324F3556EAFB545C5,2013-12-30
FE6449BC4837A48D56D9D01265659420,2013-12-30
8D8BCB635B9DD8552169EF724F8B31BF,2013-12-31
FD03665F488E0170C2AFEA00A6099047,2013-12-30
229466C13D0A04ED146C24AAB1685D81,2013-12-30
BAD12178D0E3FBF12599529781D747F3,2013-12-30
72D51ADC8C9D909324F3556EAFB545C5,2013-12-31
75231301F670DFBAC0587E806C4B105F,2013-12-30
19B4B9F2AA7D248A61DAE4B8EA9B5D32,2013-12-30
1ECA6071CC75994BE13A88E18B76FAC2,2013-12-31
266B86C760D892DE61ED0F17C6FA4554,2013-12-31
CB4370439C32EA7AEB8646680BE87044,2013-12-30
5677EA3E0420306484A3B62BC49F3D8B,2013-12-30
27328100F8702AD2DA7BB48912886CFF,2013-12-30
B910443ED6AEECD7462E7288C30558EF,2013-12-30
0081EFFCBB2AD30F9D85B3A07F5EAB45,2013-12-31
3591DA4E49ED5705C79A8FBD75A8918A,2013-12-30
A6AFDCAF7904573D5C6AD4CEFC3DD974,2013-12-30
9B04FD537919FB639CAA8FE21E3BAD3A,2013-12-31
2232F3F8B6124B1947AEF62509A97DAE,2013-12-30
C203AFF474B905666AB6161750FA374A,2013-12-30
B58E6401091C7B660A2E408620D28D63,2013-12-31
FB3827A1DE764DA796EE21D5243FB845,2013-12-31
738E37CA52BF6F608E874BAF97B933F6,2013-12-30
115347554B30EC084B97C47104A211EC,2013-12-31
343D3BA7549007E68AF0017EEE4C890A,2013-12-31
1EA70EA832449EDAC9251DE66C91F417,2013-12-31
E2214C4F27A108FD90DBA830B6DA7FD8,2013-12-31
E68AFEFA8D306ABAF33651D19F076F1B,2013-12-30
EA2D23313A561CF88E0BE68B5659C8E7,2013-12-31
A5F7EEE27975253E211130D4037E62EF,2013-12-31
DC964A554608C7B5F92457588816A22B,2013-12-30
2E86563DDC6979F7D3BD2D957F4DB476,2013-12-31
F2F7527FCC0EB3B02FE5F575E01217DB,2013-12-31
0DF80FDB0E48E1A2534EE0F509BC66FB,2013-12-31
253F71A0201F800FE5F1F796DE843C65,2013-12-31
221F4E5822BC50C4C1BFC91E6CCDD126,2013-12-31
DA228BD6F2DA6D9AEA0DEE5B61380F9C,2013-12-31
CCDD7C317BBF35D4585CB9BC4F4299A5,2013-12-30
5962CEB4E6066574DBF1A68FEA600E23,2013-12-31
87FF83BD5FB394EAB7611464E4338E1D,2013-12-31
A363844E18C95B6C3990354B57B3D1E0,2013-12-31
F7E4E9439C46B8AD5B16AB9F1B3279D7,2013-12-31
9C5D9306F3BD991C639567E907F9C03F,2013-12-30
C0F053BF49155EDCFD2000C677C5FCDF,2013-12-31
58CA4A1AC67524679ED6BD254A384EC8,2013-12-31
0554EEDB0E9A05B30CC37E3AFBEB5329,2013-12-31
38114212AD7C2127DE737863C465656D,2013-12-31
91EDB0A9EEFD7D9169432897F12E4E8C,2013-12-31
21DCFCF80BDF27C16D07165FC31B78F2,2013-12-30
1D551D65A4E0B186C83FCCCDA9108029,2013-12-31
4A407DCE1D78B4AC493D697280D7526C,2013-12-30
FE6449BC4837A48D56D9D01265659420,2013-12-31
B94FC976AA80935B3D978C872D8BDCA5,2013-12-31
CC159E34A5F10EC31C31E35E94BF1616,2013-12-31
EDC156CD3A9AA72A58BBCA1441146328,2013-12-30
B791AB0EFDA26C0504F5B1729A7467FD,2013-12-31
9D997B1D650DB99DD177D2574CC9D2B3,2013-12-31
94217F40CD6BFCC245866ACDEAAA28CF,2013-12-31
6B96DDFB5A50B96E72F5808ABE778B17,2013-12-31
67F566369F8501B3B0BDA52D808DE821,2013-12-30
C3DF175374EA2E41AFC6F145B287E9D4,2013-12-31
CB3CB29937460506B59A5359D8E30BB1,2013-12-31
B16DF0B4526AA90C82ACB7AFFB70FE37,2013-12-30
717ABC0D502EC243CBF00EDFFB16032F,2013-12-31
F242D605023F00EA60A74C0A3B54E83E,2013-12-31
A02D4ECDB0259A32CD260C96471A8E5B,2013-12-31
479B5CA7ABDC8CADA9F88A31B40880A1,2013-12-30
289022F3B34AD3B9FC2146AC60D9A5D7,2013-12-30
CAA7D8402874FCA48F0A7CA82D5FBFFF,2013-12-30
27328100F8702AD2DA7BB48912886CFF,2013-12-31
93016230D918385B81DBA8E407F1FE2D,2013-12-30
CCDD7C317BBF35D4585CB9BC4F4299A5,2013-12-30
B57691F6D4A4431F15BEC1986A43BDCF,2013-12-31
C8F496469CB4CF297EF756F5229C542F,2013-12-30
063BFA09A87028D808DB136E81356B59,2013-12-30
27328100F8702AD2DA7BB48912886CFF,2013-12-30
0C3D03822EC2B0DAABC565EF330580E9,2013-12-31
04D107A378DC761FDA5E92362DCA24E3,2013-12-31
9EF2B9EE4BEF1DAD93B42A41DA199600,2013-12-31
05CBBA266C228F2E5DB81C94F32A3E84,2013-12-31
7F362E0A4FBE7860957FC77AA806AC7E,2013-12-31
8B9AE848D41DCD058A244A9D6F0F4BF3,2013-12-31
76E2426150473A0328A71B36A83B1568,2013-12-31
D0FA8F93FBD0F7B4E5FBE6290E2E7515,2013-12-30
6B53EBAFD8F9F0D7691A782BFEBDE9F7,2013-12-31
63AE291A29E17B603934EE20C7A5F372,2013-12-30
CB4370439C32EA7AEB8646680BE87044,2013-12-30
5830BCD07955EFFBEEFD253EA4C47F4B,2013-12-31
F2D14A50E949305A0F25DE79774C58F7,2013-12-31
141DA2FB6D46C79F77A6E2FE63FE4FFE,2013-12-31
CA329B70B152A0D641DEF8A64318AE21,2013-12-31
3A92ADDD077B62E3BB261C00F5F1D60D,2013-12-31
5E7E1986BC9EDDD220BE2D317F11FE22,2013-12-31
60C79CA0CC87B6097184357637E40D25,2013-12-30
244C3AD9998A36B88D202113EE52D006,2013-12-31
DDF66F69E5A985A19C1C60BF291F3B5E,2013-12-31
85D75AC03F2D649677FC7955125D7AD7,2013-12-30
9EEC071CA6E82467485A7224AD2A1D9E,2013-12-31
E8D4DBC75C6D57BC7D59611125EAD764,2013-12-31
C843DBAADAE3D5E01AB66B116FF29193,2013-12-25
0183FD2DF44DBC4CCAF9A2E721A9C620,2013-12-30
753BC0484097BB236807E896DC2241DF,2013-12-31
4C24F8DA7E004127E42BD44E54C759E4,2013-12-31
8E3396EF02DA37EF54B42AF1F18B1CF4,2013-12-31
3553A0FA0050E9E53532658D56670494,2013-12-31
90E3293099E5525D5DB1E01A95D2C757,2013-12-30
DE30A71DAE23DCBD2C5B5F176E5445E7,2013-12-30
37DCA5FA626EC97DD2DF9012103D88BA,2013-12-31
485660759C8E1F423366B5FB8963E8E4,2013-12-30
E1B92B58811BDE0DEEB8BDA69E46AA82,2013-12-30
8563C459B3B0AD353D9989FFB65A90D0,2013-12-31
AF8345375BA63B1AD7662650FBEB01B9,2013-12-30
4F34ACD42D64890E1D86FC2D0AF2F20C,2013-12-30
253F71A0201F800FE5F1F796DE843C65,2013-12-30
D5FED3ADE21263C3811669ED955FCBC9,2013-12-30
3E86DAAE0EC6469792192248417D8450,2013-12-30
289022F3B34AD3B9FC2146AC60D9A5D7,2013-12-30
3971912450795E1F1241994638876288,2013-12-30
A4A67C92A97EC87CD321E87BF7357930,2013-12-30
2DA12E2776B48AB3C8EBE6B57B2A0730,2013-12-30
4AE40EC201CF050890A1780662AA134D,2013-12-31
386D507DA2BCAE3134BF3256F616545E,2013-12-30
842EFEB7B0FB42096D2CF52C15660755,2013-12-30
62B53DA51CFECEEF270A7F0053AB978F,2013-12-31
8F411580D33665E25CAAD79E0F29AB56,2013-12-30
1D5461C0B8E5E4D20BCCF29B76781116,2013-12-30
289022F3B34AD3B9FC2146AC60D9A5D7,2013-12-30
8BED2C5966C04CB6FCB757EB70F61DC4,2013-12-31
0B3FAB0F479B74ECFDB842356299CA28,2013-12-31
44D5C33FEDC2A2235E6A916B4968DB35,2013-12-30
EE8D55EE93F313FBE0BD7B10BFFD66EE,2013-12-30
C28706E3402809CCCEDC276D00096A06,2013-12-31
D963CBA95EBF390B8ED932C3ACBBCE6D,2013-12-30
F12B5E863DA39F74166C62BB5600BDDF,2013-12-30
CA329B70B152A0D641DEF8A64318AE21,2013-12-31
17E8AFDB00DE5226FB87CB6251447B9F,2013-12-30
842EFEB7B0FB42096D2CF52C15660755,2013-12-30
47939637E62B828271D87F61ADA9494D,2013-12-31
50E46DABB07659999B575D3490F14AE9,2013-12-31
479B5CA7ABDC8CADA9F88A31B40880A1,2013-12-30
27328100F8702AD2DA7BB48912886CFF,2013-12-30
53EC0370395F1403B28FD9E2597E4A7F,2013-12-31
8F411580D33665E25CAAD79E0F29AB56,2013-12-31
FE9CE5A8A0D303B03381131AB5B0570E,2013-12-30
3971912450795E1F1241994638876288,2013-12-30
D8C8C2AFF8B2E115150A06D5B4CA6584,2013-12-31
6070E27581348947E9638E173F07466C,2013-12-31
49041F830C61A325B0FA17BBA899F88E,2013-12-30
9BB934828EB711E57642DB7674A8264A,2013-12-30
A38381BEBE9FE11C42129A6EFBC4B131,2013-12-31
29899D70EC318AFF0A44E83D4946F5E9,2013-12-30
CA329B70B152A0D641DEF8A64318AE21,2013-12-30
768D150B38EA5354113A8F570BAF0875,2013-12-31
AB0407824CB0F06EF6891BB0BC6B27A3,2013-12-30
0F47BD0497E64B4E1B1675904E86B273,2013-12-30
809A8A04770116B3803F6884CCD79F94,2013-12-31
0DE106C22F91831CF67D04EAE7973F02,2013-12-31
6EC95BA48530E879049169DC317E0178,2013-12-30
ECA9957FF58F5E1362751C1DA45E8F72,2013-12-31
DD77462F710A8422651F2390198665B0,2013-12-30
8EE0228CDE558F17DB404DD891263059,2013-12-30
B638A1E0B6C96839438C387FD5A51440,2013-12-31
2F8DBED755222B5737A440EEEE93D1FC,2013-12-30
F2D14A50E949305A0F25DE79774C58F7,2013-12-30
BEAEB883AB52A4D1AD1A5AA867905213,2013-12-30
753BC0484097BB236807E896DC2241DF,2013-12-30
E4AF136C8DA3FA317911687C4399AB46,2013-12-30
423C3A7B659B19EC5DE6BD1FB1E290D2,2013-12-30
637E74037ABBE538319DCD082DA27589,2013-12-30
738407C1675276927925C186F19C2DEE,2013-12-30
E10567BBAD2900F3DA14BDBA064359F6,2013-12-30
2A850EB9DA47B4058FB0009D662CAC3F,2013-12-30
11D46EEF134DB38983EDEB333F63A04B,2013-12-30
85C5F880859B936DFC568B860F06D71F,2013-12-30
D4AB576F7BFA80681FF677ADF0FE17E6,2013-12-30
BF9D136E71CE1E93F3779316EA978AC7,2013-12-30
B7EF8242FFE3369E40D0ED5FDDBB27B4,2013-12-30
3F38E295118F0BFFEF93ED81A5EFB47D,2013-12-30
C51C7141B30E92709B48846DBFD00AEA,2013-12-30
0CFCEC473FD10743267399B4B00A9D5B,2013-12-30
67ECEA008EF4B5C5C023B2D41FADDA6B,2013-12-30
32A31869367DDE058DEF48F9B479FBC3,2013-12-30
33A28BE5CB21C448A7D625A30AC47189,2013-12-30
E11C4A44AB43931839290A60442034EA,2013-12-30
A5F7EEE27975253E211130D4037E62EF,2013-12-30
DA5F61E543A25EE2E6935EAC5B3C58B7,2013-12-30
A2AFC9C0B840AB40E0DCD3B5F8B9E81A,2013-12-30
E034E36C7B73E53B114B838FED36BEB2,2013-12-30
4B66E548D053327919A18484F887EDF9,2013-12-31
0DE106C22F91831CF67D04EAE7973F02,2013-12-30
9E8E5C4860C1F18A9A9A78D3A821A735,2013-12-30
072E0721AE3D3F91576E68BAC5F6A802,2013-12-31
8E3AF7CD05DF843860E842E0B008E725,2013-12-30
6EBB9904088288D767E6DE96EE798D98,2013-12-30
7F362E0A4FBE7860957FC77AA806AC7E,2013-12-30
F875AAD18EA9794E0A9748A071C75E39,2013-12-30
8F411580D33665E25CAAD79E0F29AB56,2013-12-30
DBD60AF056CB92BD0C5C6EC6DB30A9FD,2013-12-30
93016230D918385B81DBA8E407F1FE2D,2013-12-30
DA5F61E543A25EE2E6935EAC5B3C58B7,2013-12-30
E4AF136C8DA3FA317911687C4399AB46,2013-12-30
0FBCA8B7F51A9684E0CAEEEBD3B1DD52,2013-12-30
0FBCA8B7F51A9684E0CAEEEBD3B1DD52,2013-12-30
2E86563DDC6979F7D3BD2D957F4DB476,2013-12-30
DD91C565768C4FC443542B04B0354821,2013-12-30
6AF797A6A38F0E9C7BBC5CA381FCA41A,2013-12-30
7AE1498F6152342110D4C7CC9404D39B,2013-12-30
1D5461C0B8E5E4D20BCCF29B76781116,2013-12-30
AF8345375BA63B1AD7662650FBEB01B9,2013-12-30
472DD2F9B459280141A3117A28694DEB,2013-12-30
C27A2D35A95995ECE436B0871E746A5C,2013-12-30
0781677ADD121C0A9EAA66F5E17F88B3,2013-12-31
BAABB6D89B5D49F6E18AD8B21CA36AAB,2013-12-30
D5FED3ADE21263C3811669ED955FCBC9,2013-12-30
4018E4BAAF8421F30ADDC502F5BE67EA,2013-12-31
8C2B396F18B8F173E4FC96813264E4E6,2013-12-30
25543063A418CEEBB75EE2F4D358CFF5,2013-12-31
738407C1675276927925C186F19C2DEE,2013-12-31
E3ED4621CBD367E7E71D2E5A13A50841,2013-12-30
8B85DF0252FF30EACC676EB57639D183,2013-12-30
9F733CA42993C847C8643DFB21E5AC20,2013-12-30
8C61012341CF77592B7AC67ABB2993CC,2013-12-30
7B0FCDFF4DC4D7E6379CD6595C024F1D,2013-12-30
9473B2600EF2EFC9E9B89842CBAFC4AB,2013-12-30
BDC78838E719620D9C7EB0920E4E6999,2013-12-30
0554EEDB0E9A05B30CC37E3AFBEB5329,2013-12-30
1636FA083146AF6AE18DBD059D04CA76,2013-12-30
27308904A8AF1C56B05751A3ABD52D05,2013-12-30
B6D3F9F69C5AF62EE0AA5A52525D304E,2013-12-30
7FF780FA14EFBF05B270E18B0A38B678,2013-12-30
15AFE3548AF724114C3644AA43E3A068,2013-12-30
F5A57F6164424A59CB989A3FFA6FFC1D,2013-12-30
5E7E1986BC9EDDD220BE2D317F11FE22,2013-12-30
15AFE3548AF724114C3644AA43E3A068,2013-12-30
A1436A9F8F71EADB5A927E6E01D58408,2013-12-30
F875AAD18EA9794E0A9748A071C75E39,2013-12-30
FBFAD10C674C5855DBA9F40428563730,2013-12-30
0B0F186D7B3ED9E6D7F7AC9CED9CD597,2013-12-30
BBCE5C66BCA2C17D1B3CBA3224477DE5,2013-12-30
